username, created_at, lng, lat, text
Noah_peachtree, Thu Jan 28 07:21:54 +0000 2021, -91.401008, 30.937336, How bout yâ€™all start investing in $YOURSELF 
Exotic6932, Thu Jan 28 07:21:54 +0000 2021, -97.285913, 32.779967, @adriansnupe ??? 
kantguardme, Thu Jan 28 07:21:55 +0000 2021, -89.922029, 35.133521, @ItsKingsBruh lmaooo boy was pissed off 
CarribGoddess, Thu Jan 28 07:21:55 +0000 2021, -118.411907, 34.020789, @LegalSojourner MESSAGE ğŸ—£ 
QualOverQuan, Thu Jan 28 07:21:55 +0000 2021, -118.411907, 34.020789, I haven't nutted in over a week...who have I become? Someone please send help! 
makinmonkey, Thu Jan 28 07:21:56 +0000 2021, -79.272570, 43.629311, @ThatAIChick ĞĞµÑ‚. ĞĞ¾ Ğ¸Ğ½Ğ¾Ğ³Ğ´Ğ° Ğ¿Ğ¸ÑˆÑƒÑ‚, Ğ¸ Ñ Ğ¾Ñ‚Ğ²ĞµÑ‡Ğ°Ñ, Ğ¼Ğ¾Ğ¶ĞµĞ¼ Ğ¿Ğ¾Ğ¾Ğ±Ñ‰Ğ°Ñ‚ÑŒÑÑ. ĞšÑ€Ğ¾Ğ¼Ğµ Ğ¾Ğ´Ğ½Ğ¾Ğ³Ğ¾, ĞºĞ¾Ñ‚Ğ¾Ñ€Ñ‹Ğ¹ Ğ¿Ğ¸ÑˆĞµÑ‚, ĞºĞ¾Ğ³Ğ´Ğ° Ğ±ÑƒÑ…Ğ¾Ğ¹, Ñ‚Ğ°Ğº Ñ‡Ñ‚Ğ¾ Ñ Ğ´Ğ°Ğ¶Ğµ Ğ¸ Ğ½Ğµ Ğ¾Ñ‚Ğ²ĞµÑ‡Ğ°Ñ ĞµĞ¼Ñƒ 
DancesWithRain, Thu Jan 28 07:21:56 +0000 2021, -122.330602, 47.614817, @ValGal1212 LOL 
jguzman_13, Thu Jan 28 07:21:56 +0000 2021, -96.621634, 32.907642, ğŸ“²ğŸ“ˆğŸ“‰ 
LifesabeachSims, Thu Jan 28 07:21:56 +0000 2021, -80.516060, 27.872898, https://t.co/gNz2NDnU9h 
alexblasig, Thu Jan 28 07:21:57 +0000 2021, -96.761753, 32.819858, @redrock_bball Never been gone. 
BTT_FUT, Thu Jan 28 07:21:57 +0000 2021, -83.314841, 42.293493, Been checking stocks for a minute #AMC https://t.co/zf3XCCX2kr 
wendygkennedy, Thu Jan 28 07:21:57 +0000 2021, -117.990000, 34.525100, Good night everyone ğŸ˜˜ @ Littlerock, California https://t.co/fSc9EpdKPc 
MommaLexie, Thu Jan 28 07:21:57 +0000 2021, -118.411907, 34.020789, @choycebrown Choyce* 
yppop1231, Thu Jan 28 07:21:57 +0000 2021, -121.469664, 38.561722, @redsteeze @DonaldJTrumpJr Hey dumbass,65 million Americans r over the age of 65! Daddy trying to get20million in Tâ€¦ https://t.co/FO0PkpWllb 
NewsongMichael, Thu Jan 28 07:21:58 +0000 2021, -86.244729, 32.364145, @DonaldJTrumpJr How in the world dud you even get verified? 
diabeden, Thu Jan 28 07:21:58 +0000 2021, -111.635149, 35.182750, @AnarchistMuse it is :) but i understand it takes time. you got this, samğŸ’– 
iC0dexx, Thu Jan 28 07:21:59 +0000 2021, -118.411907, 34.020789, @tsk_kdforlife Delete this and take it again with the badges ğŸ˜ğŸ˜ 
sharondaplus1, Thu Jan 28 07:21:59 +0000 2021, -80.846785, 35.209059, Lil baby went to sleep on me ğŸ˜­ğŸ˜­ 
lajorkm, Thu Jan 28 07:21:59 +0000 2021, -73.948775, 40.655138, Congress should get rid of Marjorie Taylor Greene &amp; while their at it get rid of Lauren Boebert https://t.co/bGhsVtRPys 
SimmonsD22, Thu Jan 28 07:21:59 +0000 2021, -89.569491, 44.900818, the way mahito went from getting his shit ROCKED to a fucking domain expansion??? 
lj_justcallme, Thu Jan 28 07:22:00 +0000 2021, -82.439835, 38.407664, @SWpromoter https://t.co/pIuQCOavry https://t.co/UG2YUmQm2d 
GlitzyKismet, Thu Jan 28 07:22:00 +0000 2021, -118.411907, 34.020789, @1WitchyChick Johnny Gage from Emergency! (Randolph Mantooth). Parker Stevenson in the Hardy Boys was a close seconâ€¦ https://t.co/qUjpycSDHH 
ethannnjoness, Thu Jan 28 07:22:01 +0000 2021, -83.804475, 27.698682, @MOFTOWN1 @Marayeeee I swear ğŸ˜‚ğŸ˜‚ 
movntainmama, Thu Jan 28 07:22:01 +0000 2021, -87.475469, 36.664728, @mrsmadelindley I almost did this ğŸ˜‚ my due date was 1/28 but a lot of people say your first pregnancy often runs paâ€¦ https://t.co/hTabeUI4BB 
LightMeUpWill, Thu Jan 28 07:22:01 +0000 2021, -118.411907, 34.020789, Weâ€™re enemies if I get too high but he keeps me on 10 ğŸ¤§ https://t.co/ztXTEh1aib 
NematPejman, Thu Jan 28 07:22:02 +0000 2021, -104.922093, 39.713563, @MoubarakNesrine ØµØ¨Ø§Ø­ Ø§Ù„ÙˆØ±Ø¯ Ùˆ Ø§Ù„ÙŠØ§Ø³Ù…ÙŠÙ† ğŸŒ¹ğŸŒ¹ 
whats_running, Thu Jan 28 07:22:02 +0000 2021, -81.744500, 35.933500, Wilson Creek 3 [Gorge]: Running https://t.co/sBByYe1XGi 
A1_likethesauce, Thu Jan 28 07:22:02 +0000 2021, -118.411907, 34.020789, I havenâ€™t cheated or been cheated on in a while, wtf is wrong with the world lol 
BonSnow_, Thu Jan 28 07:22:02 +0000 2021, -87.533406, 33.196601, https://t.co/f92v8slt6z 
pdxfirelog, Thu Jan 28 07:22:02 +0000 2021, -122.653256, 45.516624, MED - MEDICAL at 1200 SE BELMONT ST, PORT [Portland Fire #RP21000008323] 22:18 #pdx911 
DamnitPreme, Thu Jan 28 07:22:02 +0000 2021, -73.968542, 40.780709, Everyone would of been shot 
stopsensoring, Thu Jan 28 07:22:02 +0000 2021, -79.861034, 35.170499, @robbystarbuck The sun is burning out. 
mochabarbiie, Thu Jan 28 07:22:03 +0000 2021, -87.732013, 41.833585, I ordered food like 20 min ago and Iâ€™m feeling like all the drivers called it a night and my food ainâ€™t gonna come ğŸ˜­ 
roxy_thotsy, Thu Jan 28 07:22:03 +0000 2021, -118.248063, 33.839612, Damn that journaling shit really works lol 
KatieCollettTV, Thu Jan 28 07:22:03 +0000 2021, -76.069946, 36.802541, FOLLOW UP: The alarms successfully went off. See you at 4am on @WAVY_News 10 Today! https://t.co/Fyv429EOz9 
AsmMarcBerman, Thu Jan 28 07:22:03 +0000 2021, -121.469664, 38.561722, @barrioscribe @warrenslocum @sanmateoco @JoshBeckerSV Agreed @barrioscribe. Was proud to join @JoshBeckerSV in signâ€¦ https://t.co/zoXCOA8X7e 
codyhanes16, Thu Jan 28 07:22:03 +0000 2021, -74.153947, 40.572376, I got with the boys at 7:30 and just now got home itâ€™s mad brick ğŸ¥¶ 
CormorantHobo, Thu Jan 28 07:22:03 +0000 2021, -118.012397, 33.665184, Whoaâ€¦ I missed the email about this. ğŸ“ https://t.co/ZKvZjWlFBv 
HisFairLadybug, Thu Jan 28 07:22:04 +0000 2021, -79.857363, 36.090397, Guess Iâ€™ll watch the snow fall till i go to Sleep 
CormorantHobo, Thu Jan 28 07:22:04 +0000 2021, -118.012397, 33.665184, https://t.co/Wlgs4iJXoK 
HSHToria, Thu Jan 28 07:22:04 +0000 2021, -83.099288, 42.352787, Honestly itâ€™s the least they can do ğŸ˜‚ no one deserves a $13.45 for a PS4 
Cam43081649, Thu Jan 28 07:22:05 +0000 2021, -123.123581, 49.257639, @Jztinm Me 
Superdupermarx, Thu Jan 28 07:22:05 +0000 2021, -80.233328, 25.782353, @peachyriya Say so this was a juice video, can I have a side of that salsa and a side of creamies. Thank you lol 
_WealthyMal, Thu Jan 28 07:22:05 +0000 2021, -83.099288, 42.352787, Ima always keep it 100 
lilaaaayy, Thu Jan 28 07:22:05 +0000 2021, -117.462698, 34.108160, Iâ€™m dead ğŸ¤£ 
HOTTERTHANJUL1O, Thu Jan 28 07:22:05 +0000 2021, -83.173867, 32.678207, https://t.co/DjR5uAL6pB 
kishenybarot, Thu Jan 28 07:22:05 +0000 2021, -74.158130, 40.859832, @grlarndtheblock https://t.co/VKxiuZGhyc 
thankfullymeks, Thu Jan 28 07:22:06 +0000 2021, -117.022695, 38.502147, @chuckwoolery @Quadman22 Iâ€™m getting sick in tired of the #Democrats! All they are doing is bullying!They are feediâ€¦ https://t.co/XaAADy352w 
lakshitha268, Thu Jan 28 07:22:07 +0000 2021, -83.099288, 42.352787, @nipuna__d @unknown_lankan @sasini0211 @PraveenNadeera @jimpapz ğŸ˜‘ğŸ˜‘ğŸ˜‘ğŸ˜‘ 
mininocastillo, Thu Jan 28 07:22:07 +0000 2021, -80.132962, 25.816966, @RyanAFournier https://t.co/4Ke6d8kujZ 
SRHSCareers, Thu Jan 28 07:22:07 +0000 2021, -81.932048, 34.949567, We're hiring! Read about our latest job opening here: CNA- Home Health/Hospice - https://t.co/6SwO6QjFyCâ€¦ https://t.co/ECYcoR1wcN 
vai150, Thu Jan 28 07:22:07 +0000 2021, -97.935192, 29.895606, 1:21 into being 30... so far itâ€™s like your 20â€™s but being called old all the time. 
amiranaamo1, Thu Jan 28 07:22:07 +0000 2021, -119.306608, 37.269176, @sduhayyan1 Ø¬Ù…ÙŠÙ„Ù‡ ğŸŒ· 
JFLapham, Thu Jan 28 07:22:08 +0000 2021, -115.223125, 36.232915, @FoodNetwork @GuyFieri Team @jettila all the way!! Well maybe also @chefantonia also ğŸ˜¬ 
J_Deuce1, Thu Jan 28 07:22:08 +0000 2021, -95.446486, 29.838495, Ahhh.. Now I get it. 
MarlitosF81, Thu Jan 28 07:22:08 +0000 2021, -73.829384, 40.912499, Camisa comemorativa do CÃ¡ssio pra hoje estÃ¡ ğŸ”¥ğŸ”¥ğŸ”¥-Bela homenagem a ele pela marca dos 500 jogos, e suas conquistas... 
muchoniwendy, Thu Jan 28 07:22:08 +0000 2021, -117.975154, 34.094001, "The crops are coming in nicely this season", I say as I stroke my leg hair 
lindsgayh, Thu Jan 28 07:22:09 +0000 2021, -119.306608, 37.269176, @dylntodd @emtacolor you know I gotchu!! hope youâ€™re doing well friendğŸ’˜ 
BobbyBounce, Thu Jan 28 07:22:09 +0000 2021, -75.770041, 42.746617, Shout out @HowardStern @rqui @sternshow Always got this show on ğŸ“¡ğŸ’¯ #FanForLife #YearsOfJoy https://t.co/PTN06yblw0 
earftones, Thu Jan 28 07:22:10 +0000 2021, -91.090800, 30.459100, @AfroJediii my bodyâ€™s falling asleep fast as hell lol 
ghhabib_fa, Thu Jan 28 07:22:10 +0000 2021, -79.913521, 43.260695, @NegarGChi Ø§Ù„Ø¨ØªÙ‡ Ù…Ø§ Ø¹Ù„ÙˆÙ… Ú©Ø§Ù…Ù¾ÙŠÙˆØªØ±ÙŠ â€ŒÙ‡Ø§ Ø¯Ù„Ù…ÙˆÙ† Ø§Ø² Ù¾Ø§ÛŒØªÙˆÙ† Ø®ÙˆÙ†Ù‡ØŒ Ú¯Ø±Ú†Ù‡ Ø²Ø¨Ø§Ù† Ø¨Ø±Ù†Ø§Ù…Ù‡ Ù†ÙˆÛŒØ³ÛŒ Ú©Ø§Ø±Ø¢Ù…Ø¯ÛŒ Ù‡Ø³ØªØŒ Ø§Ù…Ø§ Ø¨Ø§Ú¯â€ŒÙ‡Ø§ÛŒ Ù…Ø­Ø§Ø³Ø¨Ø§â€¦ https://t.co/RJ9aX1yqK4 
WilliamDaleHal3, Thu Jan 28 07:22:10 +0000 2021, -97.552161, 35.482844, My fellow American are we gonna be filled with hate again today. Are used to say it was a left wing of our governmeâ€¦ https://t.co/KNHXZqqWjh 
CadeBock, Thu Jan 28 07:22:10 +0000 2021, -111.738566, 33.295215, If you truly perceive everyone else as having it better than you in every way then you are not a happy person and vâ€¦ https://t.co/1vU3kYzMlC 
geraldmoore_jr, Thu Jan 28 07:22:10 +0000 2021, -82.985772, 39.994684, Hey @DavidFieldETM I need your help 
MrNaassir, Thu Jan 28 07:22:11 +0000 2021, -73.831187, 40.670879, @_saramunir @Nimrabu55782621 @Manzoor01162219 @AbrarGulshan @mohsinmalvi19 @AsimIqb19777512 @endahsang @neelofer23â€¦ https://t.co/fw9gi86Ul3 
aarongreenberg, Thu Jan 28 07:22:11 +0000 2021, -122.149768, 47.597856, @MajorRespect @joinClubhouse @tomwarren @geoffkeighley @ijustine @KevinKenson @Kahjahkins @Tru1P @jennaezarikâ€¦ https://t.co/Zcm6jbPjO6 
estarLA, Thu Jan 28 07:22:11 +0000 2021, -118.411907, 34.020789, @imontheradio i caught the cabbage but can't believe i missed the dongpo pork what gives? that place is so huge, sâ€¦ https://t.co/3Sdcs97peU 
M_S_Krafts, Thu Jan 28 07:22:12 +0000 2021, -82.671634, 28.376360, @lycheethings ğŸ¥ºâ™¥ï¸ 
Joel_Fritsma, Thu Jan 28 07:22:12 +0000 2021, -84.772176, 43.593853, We live in a society... #dogecoin https://t.co/y6hE5lWMJb 
Heshbr0wn, Thu Jan 28 07:22:12 +0000 2021, -119.782465, 36.786042, I been so bored lately I unmuted everyone off all my socials 
PoeticSoultry1, Thu Jan 28 07:22:12 +0000 2021, -76.620482, 39.284713, @gardengirl125 Gorgeous 
LaBrujaSucia, Thu Jan 28 07:22:12 +0000 2021, -100.076888, 31.168893, Todos los hombres son pinches perros. 
ashleyafriyiee, Thu Jan 28 07:22:12 +0000 2021, -82.985772, 39.994684, 222 ğŸ’™ 
Joc_ThaDon, Thu Jan 28 07:22:12 +0000 2021, -81.734812, 41.384923, @9ine2ew @Markanagelo why they tryna stop my niggas grind lol 
claytonsims23, Thu Jan 28 07:22:13 +0000 2021, -98.540651, 29.417501, Might just ghost everyone and call it a year 
daddybiinaa__, Thu Jan 28 07:22:14 +0000 2021, -89.017567, 42.257146, â€¼ï¸ 
thatdolltee, Thu Jan 28 07:22:14 +0000 2021, -83.959527, 30.862694, Aye shit can go real left or real right. Better act like ya got some sense round this bitch 
Actor_Tyler_G, Thu Jan 28 07:22:14 +0000 2021, -118.739000, 34.271100, Just posted a photo @ Simi Valley, California https://t.co/qKPcpSSnR3 
melissahilldees, Thu Jan 28 07:22:14 +0000 2021, -87.010551, 34.580925, Two hours later... https://t.co/p5JulCIIT2 
fucckyassy, Thu Jan 28 07:22:15 +0000 2021, -79.272570, 43.629311, Note to self when mixing: trust your earsâœ¨ 
davek0m, Thu Jan 28 07:22:15 +0000 2021, -118.411907, 34.020789, Ooooohhh....I get it now ğŸ˜ 
Celestee_gee, Thu Jan 28 07:22:16 +0000 2021, -119.165389, 34.181956, @whoisgrlplastic Chills as soon as I zoomed in ğŸ˜ love this 
victoriafrench, Thu Jan 28 07:22:16 +0000 2021, -98.540651, 29.417501, @ste_grider youâ€™re react native course is being pirated on the react native facebook group. how do you want this reâ€¦ https://t.co/yihhBaNJYe 
Mex7can, Thu Jan 28 07:22:16 +0000 2021, -118.411907, 34.020789, el macho prieto 
BeyankaCelest, Thu Jan 28 07:22:16 +0000 2021, -73.948775, 40.655138, 2:22 
King_Lok3, Thu Jan 28 07:22:17 +0000 2021, -76.593943, 24.074967, I donâ€™t want a valentine, I just want Valentino. 
ox_cecii, Thu Jan 28 07:22:17 +0000 2021, -121.641268, 36.689149, Im up like i donâ€™t have to be at work @5 am ğŸ˜­ğŸ˜­ 
siobhanisblyss, Thu Jan 28 07:22:17 +0000 2021, -123.139654, 49.245719, #fullmoon #wolfmoon #walkitout #walkitoff #followyourblyss @ Shaughnessy https://t.co/gHMYqlC7lI 
BrandonByrum4, Thu Jan 28 07:22:17 +0000 2021, -79.420865, 38.003376, But not dangerous she easy to kill and weak and easy to find she is with uncle Manny Amanda george bruce George graâ€¦ https://t.co/jWbCYqwCHc 
WildcatEBurch, Thu Jan 28 07:22:17 +0000 2021, -120.882482, 47.273022, @HillaryClinton What, you? ğŸ¤” Oh, someone else... You are not someone I support or respect, so I donâ€™t know who is oâ€¦ https://t.co/sFbTBeJJr3 
AvaAubertin, Thu Jan 28 07:22:17 +0000 2021, -71.444080, 42.971199, She gave capitol tours on January 05 to terrorists and she needs to receive expulsion from congress as a punitive mâ€¦ https://t.co/5dp3K9bHpd 
Phinmeister, Thu Jan 28 07:22:17 +0000 2021, -120.825636, 38.692098, @GailSimone Schoolâ€™s more like schoolâ€™s for losers amirite 
_TaBoris, Thu Jan 28 07:22:17 +0000 2021, -89.127042, 32.776623, Happy birthday Jermaine Cole https://t.co/jyDyD3nlkb 
HayleyHae, Thu Jan 28 07:22:18 +0000 2021, -83.173867, 32.678207, 2:22 
comicbookaddt, Thu Jan 28 07:22:18 +0000 2021, -72.524305, 41.776922, #dccomics Did you like DC One Million ? @DCComics https://t.co/DNQOOfPhnB 
TGADarrenReese, Thu Jan 28 07:22:18 +0000 2021, -86.851177, 35.935017, $SNDL https://t.co/l5ZlvrkRGi 
TheBenFalck, Thu Jan 28 07:22:18 +0000 2021, -157.799589, 21.319944, WEST HAM TOP FOUR BABY #COYI 
MommaLexie, Thu Jan 28 07:22:19 +0000 2021, -118.411907, 34.020789, @RinzyRoo420 Thanks ğŸ¥° 
_britneytorres, Thu Jan 28 07:22:19 +0000 2021, -122.085776, 37.641271, on the first day of senior year i was doing my makeup in the quad and this teacher told me â€œyou should be embarrassâ€¦ https://t.co/syXMqPWSG1 
insidehismind, Thu Jan 28 07:22:19 +0000 2021, -97.285913, 32.779967, @D_1andOnly_ song been fire 
jashandhaliwal5, Thu Jan 28 07:22:19 +0000 2021, -122.218075, 47.392311, @RUPESHV55254337 @sambitswaraj Aja dekhle ake fer, ghar baithe hi fatt gyi? Abhi to sab humne peacful kiya hai, baaâ€¦ https://t.co/XKQPlFsoWe 
IchiroReport, Thu Jan 28 07:22:20 +0000 2021, -118.631113, 34.478413, ã‚¢ãƒ¡ãƒªã‚«ã§ã¯30ç§’ã«1äººãŒæ–°å‹ã‚³ãƒ­ãƒŠã‚¦ã‚£ãƒ«ã‚¹ã§äº¡ããªã£ã¦ã„ã‚‹ã€‚ 
Capsandredskins, Thu Jan 28 07:22:20 +0000 2021, -77.590086, 38.204866, Wall Street will pay off anyone to get what they want 
mortdubz, Thu Jan 28 07:22:20 +0000 2021, -78.883980, 43.075570, @uncleimanmusic LOL 
KevinClouds, Thu Jan 28 07:22:21 +0000 2021, -83.725610, 42.994459, ğŸ¤ 
azucar_amor, Thu Jan 28 07:22:21 +0000 2021, -97.754724, 30.323346, I was really dumb to think but that's ok too 
thepeterfabian, Thu Jan 28 07:22:21 +0000 2021, -98.245675, 26.240690, Almost felt bad for that finance guy that was getting all lippy with me not too long ago. Keyword being, â€œalmostâ€. 
JEllisP, Thu Jan 28 07:22:22 +0000 2021, -119.306608, 37.269176, @NoosferaMedia NiN's Closer in a nutshell 
NematPejman, Thu Jan 28 07:22:22 +0000 2021, -104.922093, 39.713563, @Noorahmedkk Ø§Ù„Ø£Ø¬Ù…Ù„ Ù…Ø±ÙˆØ±Ùƒ Ø§Ù„Ø±Ø§Ù‚ÙŠ Ùˆ Ø§Ù„Ù…Ù…ÙŠØ² 
BookofHondo, Thu Jan 28 07:22:23 +0000 2021, -117.104989, 32.810012, Okay @swatcbs we can fix this Erika thing. Letâ€™s run the original Dallas footage when someone shot Jr. dead. Then lâ€¦ https://t.co/OBkTo98kNh 
yolandateofilo, Thu Jan 28 07:22:23 +0000 2021, -117.195485, 34.492627, Got that night work in with my all 4 of my sisters and my babies ğŸ’ªğŸ½ğŸ˜…ğŸ‘ŒğŸ½ğŸ™ğŸ½ canâ€™t stop, wonâ€™t stop!!! #WildOutWednesday 
Pharaoh_ZAYY_, Thu Jan 28 07:22:23 +0000 2021, -80.926628, 33.631140, 222 
ricobagante, Thu Jan 28 07:22:23 +0000 2021, -84.917307, 32.482304, ?????? 
M3LOLMR, Thu Jan 28 07:22:24 +0000 2021, -78.871284, 38.438306, Ya estÃ¡ arriba bÃºscalo 
cheyymarie2012, Thu Jan 28 07:22:24 +0000 2021, -84.557899, 42.712049, this next stage in my life requires me to pray more and say less ğŸ™ŒğŸ¼ğŸ¤­ 
stumpf_john, Thu Jan 28 07:22:24 +0000 2021, -119.037648, 35.429265, @high_imbrandy https://t.co/vq9e7p7Y4y 
EvanTee_, Thu Jan 28 07:22:24 +0000 2021, -74.153947, 40.572376, They donâ€™t want us poor ppl making money I swear 
Only1MsKay, Thu Jan 28 07:22:24 +0000 2021, -88.015080, 43.103030, â€¢ UNEXPECTED @trappnazz_babyj  2/?!/21 STAY TUNED YOULL SEE. ğŸŒ#powerballteam #streetstyle #TheDifferenceâ€¦ https://t.co/BDgEwny9RJ 
shamonicaaa, Thu Jan 28 07:22:24 +0000 2021, -96.761753, 32.819858, Mf be smackin ğŸ˜‚ 
JoannaLovesGod, Thu Jan 28 07:22:24 +0000 2021, -81.492853, 29.944459, @LiisaJust @SLbacon0410 @PaulMer53 @Patriot3651 @pnjkrull @CaroBbad @QVMQ1 @OGJavaB1 @MERICA_HK @MagaSoonerâ€¦ https://t.co/5mChg42a01 
ClippedMeSmh, Thu Jan 28 07:22:24 +0000 2021, -83.173867, 32.678207, He definitely tweeted that for his girl 
WylieDustin, Thu Jan 28 07:22:25 +0000 2021, -92.131274, 34.751936, @TableofTitans Hey hulk!   3/11. Wall Street 11/12 ??? Maybe?? 
xo_tiffany01, Thu Jan 28 07:22:25 +0000 2021, -110.915573, 32.189391, hi twitter ğŸ™ˆ just who might come back 
giftfromvirgos, Thu Jan 28 07:22:25 +0000 2021, -87.732013, 41.833585, @midaswoods @thabluboy they playing hot potato with your girlâ€™s masters and you worried about nicki https://t.co/9qcSnnGUTm 
jeremygonzaless, Thu Jan 28 07:22:25 +0000 2021, -105.128188, 39.820206, bro i show a lil bit of weed on tik tok and they take it down...wtf is this? ğŸ˜‚ 
MR_BARAZ, Thu Jan 28 07:22:25 +0000 2021, -115.223125, 36.232915, when trust dropped I did this for a whole night lol 
MexBaller20, Thu Jan 28 07:22:25 +0000 2021, -119.271958, 35.757814, @Domie109 Legend says Frank told him he didn't deserve a rematch. 
mattkoonmusic, Thu Jan 28 07:22:26 +0000 2021, -77.357365, 37.623306, Iâ€™ll be up for a bit. If yâ€™all want to ask me anything, about music.. wrestling themes, podcasts, teaching music, wâ€¦ https://t.co/MslpFJUWVH 
MatthewButtacc6, Thu Jan 28 07:22:26 +0000 2021, -75.770041, 42.746617, Lonely Catholic Italian man https://t.co/0gAGS96qmk 
Sports_Goofs, Thu Jan 28 07:22:26 +0000 2021, -80.304663, 25.857732, Check out SportsGoofs's replay [SG 90 (1/20-1/26/21) - Super Bowl LV: Old Guard vs. New Guard (Kansas City vs. Tampâ€¦ https://t.co/yz7XfX5b97 
NolazineTV, Thu Jan 28 07:22:26 +0000 2021, -84.388900, 33.756600, What #GucciMane Song Bring You Back The Most Memories? #AtlantaMusicBlog @ Atlanta, Georgia https://t.co/tFPmWyO1Rs 
wyag1981, Thu Jan 28 07:22:26 +0000 2021, -85.768241, 37.822244, Hereâ€™s a song for youâ€¦ Up All Night by Jon Pardihttps://t.co/pCmywjUO5R 
kantguardme, Thu Jan 28 07:22:27 +0000 2021, -89.922029, 35.133521, u down bad 
DancesWithRain, Thu Jan 28 07:22:27 +0000 2021, -122.330602, 47.614817, @ValGal1212 I have only gone on my porch for blood draws ... 
iamasharee, Thu Jan 28 07:22:27 +0000 2021, -83.173867, 32.678207, yâ€™all bodies ğŸ˜ğŸ˜ğŸ˜ 
thequeeniskay, Thu Jan 28 07:22:28 +0000 2021, -86.791549, 36.200008, Head hurt some body come take it 
TWinderOfficial, Thu Jan 28 07:22:28 +0000 2021, -118.411907, 34.020789, Depression kicked my ASSSS the last couple of weeks. But now... Iâ€™m bouta fuck this bitch up cause Iâ€™m tireddddd 
nejsnave, Thu Jan 28 07:22:29 +0000 2021, -79.272570, 43.629311, cc @tattsjane 
Potocoh, Thu Jan 28 07:22:29 +0000 2021, -86.321494, 36.207541, Si tienes aversiÃ³n por las ciencias duras no puedes decir que eres autoreferente. 
moemoe8120, Thu Jan 28 07:22:30 +0000 2021, -84.649088, 44.317065, WTH???? 
roach_georgia1, Thu Jan 28 07:22:30 +0000 2021, -119.637156, 36.331343, lol this guy told me if i tried harder i would be way more attractive hahaha haha ha i love men ğŸ™„âœ‹ğŸ¼ğŸ’¯ 
rafalafaa, Thu Jan 28 07:22:30 +0000 2021, -117.716173, 34.119017, Omg Anna Stern has entered the chat ğŸ˜ 
JADE_CAST91, Thu Jan 28 07:22:30 +0000 2021, -119.306608, 37.269176, This is absolutely normal in New York Lol 
tawilliams_12, Thu Jan 28 07:22:30 +0000 2021, -85.837321, 31.335093, Or imma shoot and das 
zoltan5312, Thu Jan 28 07:22:30 +0000 2021, -111.650900, 35.199200, You wouldn't want your AR15 drown ğŸŒğŸŒğŸ”«Thursday morning funny ğŸŒğŸ˜‚ @ Flagstaff, Arizona https://t.co/bWyu0RZCzz 
enkosiUFO, Thu Jan 28 07:22:30 +0000 2021, -90.247824, 38.653771, @JellyPopTM goddamn 
Iuvtherealme, Thu Jan 28 07:22:31 +0000 2021, -117.172543, 32.650102, whack asf 
Davidtdiaz702, Thu Jan 28 07:22:31 +0000 2021, -115.223125, 36.232915, Lindsey Graham issues THREAT ahead of Trumpâ€™s Senate trial https://t.co/C91F3Wb2k3 via @YouTube 
ClippedMeSmh, Thu Jan 28 07:22:31 +0000 2021, -83.173867, 32.678207, I get it 
kiararobinson11, Thu Jan 28 07:22:31 +0000 2021, -95.446486, 29.838495, i just got in my feelings hella thinking about the people I was close with in hsğŸ˜‚ğŸ˜­ 
_mcrx, Thu Jan 28 07:22:31 +0000 2021, -83.099288, 42.352787, .@Iam_AreJay during The Mist when I walked away for 5 minutes ğŸ¤£ğŸ¤£ https://t.co/5KYbLUwNnT 
BabyFox13437126, Thu Jan 28 07:22:32 +0000 2021, -89.765519, 30.297863, @laurenboebert Sarcastic tweets will also not get you very far. You might want to try another approach. Remember thâ€¦ https://t.co/KFhRXQxw8c 
jeremymstamper, Thu Jan 28 07:22:32 +0000 2021, -119.306608, 37.269176, @james_e_baldwin @mollycrabapple Thereâ€™s nothing wrong with speculation. 
zonee_6, Thu Jan 28 07:22:33 +0000 2021, 126.966944, 37.028537, Shaq funny asl 
Matthew09870281, Thu Jan 28 07:22:33 +0000 2021, -103.544791, 37.978044, @SebGorka Libs like their Deputies when they are getting ear full.  Probably has an F-12 flag at home. 
HimHunOnline, Thu Jan 28 07:22:33 +0000 2021, -87.732013, 41.833585, WOWWWWWWWWW IM DUMB AS FUCK 
deejay2425, Thu Jan 28 07:22:33 +0000 2021, -80.926628, 33.631140, ğŸ˜‚ğŸ˜‚ğŸ˜‚ 
orestitoss, Thu Jan 28 07:22:34 +0000 2021, -121.879033, 36.596299, @panaclo AquÃ­ en Monterey Ca. Llevamos 3 dÃ­as con vientos muy fuertes y mucha lluvia. 
vnthonie, Thu Jan 28 07:22:34 +0000 2021, -119.276180, 35.492233, this mac from onoâ€™s is something else ğŸ”¥ 
paulidin, Thu Jan 28 07:22:35 +0000 2021, -118.411907, 34.020789, Alice Lee's I'll Stand By You on #ZoeysPlaylist was so beautiful, wow! 
AyeViaJae, Thu Jan 28 07:22:35 +0000 2021, -118.156711, 33.809172, @LeMercrediAdams ğŸ¥°ğŸ¥°ğŸ¥° 
MurkyMoodRing, Thu Jan 28 07:22:35 +0000 2021, -78.566676, 35.948370, So. Freakin. Excited. #snow #nc @wral https://t.co/PAhzfSByU2 
C0raz0nKur0, Thu Jan 28 07:22:35 +0000 2021, -118.411907, 34.020789, @goldiswim ğŸ˜ªğŸ˜­ğŸ˜­ 
kissland_69, Thu Jan 28 07:22:35 +0000 2021, -117.982366, 34.002381, Iâ€™m literally going thru it rn and ur to selfish and insensitive to see that u rather say I just donâ€™t like u and dâ€¦ https://t.co/PJpxbPYzMz 
thequeeniskay, Thu Jan 28 07:22:35 +0000 2021, -86.791549, 36.200008, Feeling all over the place 
Vandunk70, Thu Jan 28 07:22:36 +0000 2021, -95.446486, 29.838495, Makes PERFECT sense! 
blewis823, Thu Jan 28 07:22:36 +0000 2021, -87.732013, 41.833585, @brat2381 I can't and I won't. 
hopeful_, Thu Jan 28 07:22:36 +0000 2021, -117.397616, 33.935822, So proud of you @joshngme. 2021 is yours! ğŸ¥³ 
RobbieRaughRN, Thu Jan 28 07:22:36 +0000 2021, -78.764632, 43.009117, @EntrepreneurWNY @IgniteBflo @forty3north Awesome! 
LIZBEBE_, Thu Jan 28 07:22:37 +0000 2021, -95.446486, 29.838495, Iâ€™m almost half way through the end of the poem and have understood like 20% of whatâ€™s going on 
clubhousecrafts, Thu Jan 28 07:22:37 +0000 2021, -115.133373, 36.249124, @WatchTheBreaks Thanks! Hopefully more to come. 
patricefornow, Thu Jan 28 07:22:37 +0000 2021, -86.791549, 36.200008, @clayti_ @mxnrisa @BravoRRed Very confusing!!!! 
mstinzi, Thu Jan 28 07:22:37 +0000 2021, -75.800141, 45.248791, @AKhlark @EricOnSportsLaw Also, are you a parent? If not, then I suggest you refrain from commenting about othersâ€™â€¦ https://t.co/zEUQNOkCJP 
_yajairaaa, Thu Jan 28 07:22:38 +0000 2021, -118.167272, 33.804261, About to use my home down payment savings on stock. Gonna turn the down payment into the whole payment ğŸ™ƒ ğŸš€  ğŸŒ• 
DamnitPreme, Thu Jan 28 07:22:38 +0000 2021, -73.968542, 40.780709, Including the females in the room and the person recording, 
marshallstsiddy, Thu Jan 28 07:22:38 +0000 2021, -75.117998, 40.004866, Bitches be wanted to get spoiled so bad but be on BS âœŒï¸ 
thekatehannon, Thu Jan 28 07:22:38 +0000 2021, -70.705693, 42.111970, Thank goodness for Taylor Swift in 2020-21. I donâ€™t cry but I do stream folklore/evermore in the wee hours. 
HeimBBQ, Thu Jan 28 07:22:38 +0000 2021, -97.424572, 32.764156, @GeorgeDunham 
Fabian54774498, Thu Jan 28 07:22:38 +0000 2021, -74.066663, 40.718001, Account Progression on FanCentro https://t.co/7PhgoS9SYC 
OhskaOhska, Thu Jan 28 07:22:38 +0000 2021, -91.401008, 30.937336, Rain feel like heat on my skin 
menito24, Thu Jan 28 07:22:39 +0000 2021, -123.029015, 44.935084, Finally did a home workout in over 5 months ğŸ˜‘ğŸ‘ğŸ½. Get it together, sis! 
BrianDuenass, Thu Jan 28 07:22:39 +0000 2021, -119.165389, 34.181956, @STEVEN__DOES @alex_torres805 16 
BigHyacinth23, Thu Jan 28 07:22:39 +0000 2021, -85.242564, 35.091954, Trust The Processï¿¼ 
ItsMsLeslie, Thu Jan 28 07:22:39 +0000 2021, -122.755776, 49.285459, https://t.co/nEjlTROCPW 
DenebolaZenFoto, Thu Jan 28 07:22:40 +0000 2021, -111.959151, 41.310972, Hereâ€™s a song for youâ€¦ Down Incognito by Wingerhttps://t.co/6n3FjmFXLjTruth. 
heyitsisma, Thu Jan 28 07:22:41 +0000 2021, -119.782465, 36.786042, For a second, I thought that was Jessie Pinkman 
curlyheadzo, Thu Jan 28 07:22:41 +0000 2021, -77.036700, 38.895100, â€¢ Take Control â€¢ ğŸ“¸- @brucetookit -----#modelingagency #brucetookit #dmvmodels #explore #gqmodel #guessmodelâ€¦ https://t.co/XOotJifAQM 
HaasGarrett, Thu Jan 28 07:22:41 +0000 2021, -83.804475, 27.698682, If you take everything from me, Iâ€™ll give my self everything. 
pierre_ledesma, Thu Jan 28 07:22:41 +0000 2021, -73.831187, 40.670879, @jpmorgan I AM PIERRE LEDESMA DECLARED UNDER OATH BEFORE THE UNITED STATES JUSTICE THAT JP MORGAN CHASE BANK STOLENâ€¦ https://t.co/jlCw0QECua 
floresaashley, Thu Jan 28 07:22:41 +0000 2021, -149.758794, 61.235042, The way im not cuddled up watching uHnnNnn is kinda disrespectful rn 
Diiablo_g, Thu Jan 28 07:22:42 +0000 2021, -115.579879, 30.156488, @luisa_ferr_ Te quedaron muy bien 
reymello123, Thu Jan 28 07:22:42 +0000 2021, -87.732013, 41.833585, Ghost... This not even a competition 
test5geo1798, Thu Jan 28 07:22:42 +0000 2021, -118.411907, 34.020789, TEST_GEO_Hierarchy: 019258e0-2253-41b6-bbe7-6ab28296e5c7 
andersonc, Thu Jan 28 07:22:42 +0000 2021, -80.244984, 36.087169, It is snowing in Winston-Salem NC 
test5geo1798, Thu Jan 28 07:22:42 +0000 2021, -119.306608, 37.269176, TEST_GEO_Hierarchy: 6380ff04-f3d3-4a04-b961-41b648f7ef7b 
LadyrebelFL, Thu Jan 28 07:22:42 +0000 2021, -82.781350, 28.029418, @cw_spn @JensenAckles @jarpad #SPNFamilyForever #spnfanarthttps://t.co/WvtpzYrI9c 
Fabian54774498, Thu Jan 28 07:22:43 +0000 2021, -74.066663, 40.718001, https://t.co/hZtheJ6sXM 
rafalafaa, Thu Jan 28 07:22:43 +0000 2021, -117.716173, 34.119017, The actress being all MAGA really sux 
percgs300, Thu Jan 28 07:22:44 +0000 2021, -115.223125, 36.232915, HAAAAAAA EVERYONE TRYING TO FOGURE OUT ROBINHOOD TONIGHT FOR TOMORROW. scrubs. 
amiranaamo1, Thu Jan 28 07:22:44 +0000 2021, -119.306608, 37.269176, @fZIglW3HRVDLLaH ÙŠØ³Ø¹Ø¯ ØµØ¨Ø§Ø­Ùƒ ğŸŒ¸ğŸŒ¸ 
yokkiiee666, Thu Jan 28 07:22:45 +0000 2021, -117.396000, 33.948100, Just posted a photo @ Riverside, California https://t.co/KCo6JgeMe3 
mewtoos, Thu Jan 28 07:22:45 +0000 2021, -98.317683, 26.208802, LESSSGOOO MAX PULLIN THRU 
JvdeLvuryn, Thu Jan 28 07:22:45 +0000 2021, -89.972622, 38.806053, Aye Iâ€™m finna lock in. Watch this ğŸ¤« 
_horrorchata, Thu Jan 28 07:22:45 +0000 2021, -119.637156, 36.331343, I give up 
Romberto66, Thu Jan 28 07:22:45 +0000 2021, -119.710694, 39.574217, So if we as a Nation are Physically Attacked, then I am going ALL BALLISTIC! We are so open and ripe for takeover!â€¦ https://t.co/bG0BMhR3B2 
ItsAvaBrooke, Thu Jan 28 07:22:45 +0000 2021, -96.291649, 30.585471, Carter has now turned me into a lowkey Star Wars nerd pls help me 
alize_cristal96, Thu Jan 28 07:22:45 +0000 2021, -85.170051, 41.086917, @Patrick27379157 @signed_bypluto Lol bet 
MColetteK, Thu Jan 28 07:22:45 +0000 2021, -90.375446, 38.699745, The Mysteries of Life PAY-WELL as a LONG INVESTMENT for CHARLATANS 
GoodOlePorter, Thu Jan 28 07:22:46 +0000 2021, -78.636469, 43.866011, beaaaaaacon 
adina_chava, Thu Jan 28 07:22:46 +0000 2021, -73.184406, 42.717287, #jewsinthewild #Jewessinthewild ğŸŒ³ğŸ˜˜ https://t.co/LiGb8SHUGm 
Fabian54774498, Thu Jan 28 07:22:46 +0000 2021, -74.066663, 40.718001, https://t.co/5hnYuFa1Ei 
davidp509, Thu Jan 28 07:22:46 +0000 2021, -120.882482, 47.273022, Can I take you up in the mountains and go on a trailğŸ”? Get away from the bullshit, maybe have a beer together:) 
HSHToria, Thu Jan 28 07:22:47 +0000 2021, -83.099288, 42.352787, @femme_phememe @tcberenson @abbyvesoulis No policy. Comms. Smh 
justfine117, Thu Jan 28 07:22:47 +0000 2021, -85.123677, 42.327574, @JaniceDean @NYGovCuomo Unlikely. 
EvanTee_, Thu Jan 28 07:22:47 +0000 2021, -74.153947, 40.572376, Gimme 
miguel96707, Thu Jan 28 07:22:47 +0000 2021, -122.650892, 38.958347, It stopped snowing but it didnâ€™t ğŸ»ğŸ˜‰ğŸ¤¨â„ï¸ 
_nanasss, Thu Jan 28 07:22:47 +0000 2021, -122.228685, 37.791994, Welp let me go download that appğŸ˜­ğŸ˜­ğŸ˜­ 
stonecolddom, Thu Jan 28 07:22:47 +0000 2021, -118.156711, 33.809172, I see a bunch of niggas think they Jordan Belfort lmao 
DreaVegas, Thu Jan 28 07:22:48 +0000 2021, -115.133373, 36.249124, @az_wanderer Thank you 
ElMarijuano1400, Thu Jan 28 07:22:48 +0000 2021, -122.228685, 37.791994, @ReverieLOVE Thats some real talk, I don't know you personally but I care about you, I've been following you for awâ€¦ https://t.co/OQkXrWgXsH 
lepetitedweeb, Thu Jan 28 07:22:48 +0000 2021, -75.117998, 40.004866, 222 
MichaeldaVinci_, Thu Jan 28 07:22:48 +0000 2021, -85.242564, 35.091954, @skinnypuppies ğŸ¤— 
MrNaassir, Thu Jan 28 07:22:48 +0000 2021, -73.831187, 40.670879, @Manzoor01162219 @_saramunir @AbrarGulshan @Nimrabu55782621 @mohsinmalvi19 @AsimIqb19777512 @endahsang @neelofer23â€¦ https://t.co/n7Mk7PvxtE 
crawfordsj0nah, Thu Jan 28 07:22:49 +0000 2021, -86.145320, 39.583039, that was hectic 
IKilledFashion0, Thu Jan 28 07:22:49 +0000 2021, -117.158500, 32.715500, New vid. Cum catch it ğŸ’¦ğŸ’¦ğŸ’¦ğŸ’¦ğŸ’¦ https://t.co/cEsmOgar8f @ San Diego, California https://t.co/ekdAIr3BGi 
charismarambula, Thu Jan 28 07:22:49 +0000 2021, -121.641268, 36.689149, Decided to post her here too ğŸ˜› https://t.co/JcRRG2mp2y 
FeezleMania, Thu Jan 28 07:22:50 +0000 2021, -115.135165, 36.060964, @Kittkatkandybar Fucked my high 
Apexfl3xx, Thu Jan 28 07:22:50 +0000 2021, -98.245675, 26.240690, Just wanna say, Nathan told me earlier today if I got to 3,000 likes he would take me on an $800 shopping spree atâ€¦ https://t.co/ckFWxYzisl 
kevinefonseca, Thu Jan 28 07:22:50 +0000 2021, -117.319871, 34.057348, @ivetteBel_ awiwi 
jwconant1, Thu Jan 28 07:22:50 +0000 2021, -97.754724, 30.323346, Nobody wants to hear anything more from her especially her be best bullshit! 
nataliebordeau1, Thu Jan 28 07:22:51 +0000 2021, -73.723025, 45.557830, Miaow 
lauarewatts, Thu Jan 28 07:22:51 +0000 2021, -166.599693, 23.691364, @anatarahes @spaceengineer14 @alexisphero Heâ€™s asleep now I hope. When do we stop torturing him? ğŸ˜œ 
Joc_ThaDon, Thu Jan 28 07:22:51 +0000 2021, -81.734812, 41.384923, @Tmitch300 My dawg 4L since young niggas ğŸ¤ŸğŸ½ 
fitterisfunner, Thu Jan 28 07:22:51 +0000 2021, -117.297000, 33.122000, Just posted a photo @ Carlsbad, California https://t.co/xWugwH4G6Y 
FoolieJiGG, Thu Jan 28 07:22:52 +0000 2021, -83.173867, 32.678207, I got scared bih ğŸ˜‚ğŸ˜‚ğŸ˜‚ğŸ˜‚ğŸ˜­ 
xo_tiffany01, Thu Jan 28 07:22:53 +0000 2021, -110.915573, 32.189391, hi twitter, guess who might come back ğŸ™ˆ 
jeannnpi, Thu Jan 28 07:22:53 +0000 2021, -80.233328, 25.782353, Necesito desahogarme. 
godwasamushroom, Thu Jan 28 07:22:53 +0000 2021, -122.669236, 47.561802, Imagine 50 First Dates, but it's me buying and eating Rice Krispies Treats. 
alexblasig, Thu Jan 28 07:22:53 +0000 2021, -96.761753, 32.819858, @BleacherReport @HaakThrive @B_Johnson_1 
Legitwhit93, Thu Jan 28 07:22:53 +0000 2021, -117.851089, 33.842863, @_xozara It was a little pricey, but pretty fun! 
twoinchtape, Thu Jan 28 07:23:13 +0000 2021, -97.754724, 30.323346, @Kate_Baldwin I love you 
kimmy6192004, Thu Jan 28 07:23:13 +0000 2021, -117.022463, 32.633767, @Karri_Kemyst @brat2381 I read through the comments. And laughed my ass off! https://t.co/ZSbnG0iYzl 
PrincessGeminin, Thu Jan 28 07:23:13 +0000 2021, -115.223125, 36.232915, https://t.co/SARAjRI3f7https://t.co/VHBchw5HSNhttps://t.co/enivgn6993https://t.co/5KycfztZHC https://t.co/q8c84SrctE 
kimmycaaakes, Thu Jan 28 07:23:14 +0000 2021, -118.076746, 33.907251, @tmninaturtle Omg me too, 5 hours ğŸ˜… lmfao at least we have each other 
LawrenceHnyc, Thu Jan 28 07:23:14 +0000 2021, -73.967500, 40.777900, Ask and ye shall receive... .#message #universe #life #seasons #mrcolgatesmile #lhnyc #people #innercircleâ€¦ https://t.co/wObJanCA4T 
iC0dexx, Thu Jan 28 07:23:14 +0000 2021, -118.411907, 34.020789, @tsk_kdforlife Can confirm, IT DOES NOT 
shamelessdeeds, Thu Jan 28 07:23:14 +0000 2021, -86.927537, 33.476010, @NonchalantStacy I am 
JreidPrime, Thu Jan 28 07:23:14 +0000 2021, -111.928142, 33.392884, @KPhucinTrann @OGBobbyGabriel DM me too! I wanna know haha 
xxxmikemaverick, Thu Jan 28 07:23:14 +0000 2021, -73.968542, 40.780709, @DanWWE4Life https://t.co/yrOgzadDgn 
adrianooca, Thu Jan 28 07:23:14 +0000 2021, -106.568008, 31.452274, @fabiorafd @gouwsgr Perfect â€¦! 
nygllizzy, Thu Jan 28 07:23:14 +0000 2021, -77.811654, 35.972276, They say i got mail .. He got nailed ğŸ¤ 
crazyplaysmikey, Thu Jan 28 07:23:14 +0000 2021, -76.986807, 39.041697, Im not a perfect man but Im honest and trustworthy! 
betayoch, Thu Jan 28 07:23:15 +0000 2021, -119.306608, 37.269176, I work all day and when I drive home I think about my pets and how I look forward to them being happy Iâ€™m home ğŸ¥° 
LesP63333817, Thu Jan 28 07:23:15 +0000 2021, -115.234435, 36.018805, My God! This woman is so fucking ugly!!! 
jo82673633, Thu Jan 28 07:23:15 +0000 2021, -82.163663, 33.536182, Kaley an I miss baseball live !! 
ritmo_mundo, Thu Jan 28 07:23:15 +0000 2021, -118.244500, 34.056400, Throwback Thursday @ Los Angeles, California https://t.co/oVgsElK1DC 
PreacherDudeRox, Thu Jan 28 07:23:15 +0000 2021, -77.007478, 39.090454, @s0mewun2 @SelisThatBitch Iâ€™ll humor you on the other tweet tomorrow, a nigga is muh fuggin tide 
AStevensXXX, Thu Jan 28 07:23:15 +0000 2021, -118.411907, 34.020789, Joined team #locked @C0ckD holds the key ğŸ”‘. How long will I be locked for? https://t.co/kiZR5Fc3LN #lockedsubâ€¦ https://t.co/IwN0jAM5cK 
SharonSeattle, Thu Jan 28 07:23:16 +0000 2021, -122.330602, 47.614817, Let's elect @EricG1247 and get rid of Devin Nunes for good! https://t.co/o2nt6HP18y 
nnlfrecth_, Thu Jan 28 07:23:16 +0000 2021, 124.628501, 8.376078, bright gyd kaayo ni among kobe kabalo na syag high five, sit, stand, jump ug lay. ğŸ¥° 
Iampictorius, Thu Jan 28 07:23:16 +0000 2021, -123.123581, 49.257639, Mais, oui!#ParamountPlus est Ã  la recherche!Alors, ici câ€™est la fin du monde...ğŸ‘ŠğŸ¼ğŸ‘ŠğŸ¼ğŸ‘ŠğŸ¼ 
luiskingbey, Thu Jan 28 07:23:16 +0000 2021, -121.873730, 37.331159, The worst part is that my grandparents were gonna visit us from Mexico 2020 Covid delayed that and Covid took my Grâ€¦ https://t.co/S5bUUPVlDA 
lila_seidman, Thu Jan 28 07:23:16 +0000 2021, -118.411907, 34.020789, @saskiakeultjes Whoops. Best moment â¤ï¸ 
KnehrEmily, Thu Jan 28 07:23:17 +0000 2021, -115.223125, 36.232915, When you get nervous because your boyfriend brings his phone to the bathroom instead of leaving it on the bed when he gets up. #thatsontrama 
ZeusAndreux, Thu Jan 28 07:23:17 +0000 2021, -84.433106, 33.767195, @SameOlDarius You canâ€™t come over then ğŸ˜‚ https://t.co/GlQqU3FzzZ 
terisbook, Thu Jan 28 07:23:17 +0000 2021, -73.135176, 41.316085, @bnwaterbury 
GangstaTrell__, Thu Jan 28 07:23:18 +0000 2021, -87.732013, 41.833585, Love tf out women so bad ğŸ˜­ğŸ˜« donâ€™t understand how niggas even think about puttin hands on yâ€™all ğŸ˜’ 
nick_till32, Thu Jan 28 07:23:18 +0000 2021, -121.945574, 36.587838, This asshole is somehow on the education committee in the House. She should be expelled 
MasconceptArt, Thu Jan 28 07:23:18 +0000 2021, -120.471810, 37.316222, We can do it -buy buy buy buy #dogecoin https://t.co/BMQsPzOo3f 
qckwitted1, Thu Jan 28 07:23:18 +0000 2021, -89.876449, 32.571032, https://t.co/Q7KUlN80dP 
mitzi4vols, Thu Jan 28 07:23:19 +0000 2021, -85.978600, 35.830522, @wakawaka0728 @Volocity5 @VolRumorMill Then WTF do we have to lose?!?  Give him a chance!! 
KatherynScott, Thu Jan 28 07:23:19 +0000 2021, -117.851089, 33.842863, @JimDeMint @seanmdav @MarkMeadows @CPInst The Republican Party is dead. Make a new party. Thereâ€™s no forgiving what theyâ€™ve done. 
itsmejjp, Thu Jan 28 07:23:19 +0000 2021, -96.761753, 32.819858, Didnâ€™t go ğŸ¤¦ğŸ¿â€â™‚ï¸ 
insidehismind, Thu Jan 28 07:23:19 +0000 2021, -97.285913, 32.779967, WHAT. THE. HELL 
lajorkm, Thu Jan 28 07:23:19 +0000 2021, -73.948775, 40.655138, @pierrewarrenj46 It didnâ€™t stop Trump from running for President even though he was unfit! 
cmtzo, Thu Jan 28 07:23:19 +0000 2021, -116.929102, 32.332876, @NinjaHodon No uso GIFs 
kwheels18, Thu Jan 28 07:23:20 +0000 2021, -122.630908, 45.536402, @bjoewolf @mehdirhasan @IlhanMN @RashidaTlaib @ehananoki @jaketapper Tapper mopped the floor with that clown lol!! https://t.co/B1LU44na8Z 
alayzshaa, Thu Jan 28 07:23:20 +0000 2021, -92.076701, 32.521243, my red mode change on &amp; off it wont stay red ğŸ˜­ğŸ˜­ğŸ˜­ 
Vandunk70, Thu Jan 28 07:23:20 +0000 2021, -95.446486, 29.838495, @jettica65 Me too!!!! Preferably someone exonerated from death row! 
GoodOlePorter, Thu Jan 28 07:23:22 +0000 2021, -78.636469, 43.866011, iâ€™m the slow stroke king 
thisisfay, Thu Jan 28 07:23:22 +0000 2021, -73.723025, 45.557830, i may be biased because @911onFOX is my favourite show but @911LoneStar really has the best written pilot i've seenâ€¦ https://t.co/mQXOixTMbP 
therealnarz3x, Thu Jan 28 07:23:22 +0000 2021, -74.081489, 40.878279, I need to stop then... 
msssgetdoughhhh, Thu Jan 28 07:23:22 +0000 2021, -115.223125, 36.232915, Been Feeling Lowkey Sick All DayğŸ˜… 
MikeZiemer, Thu Jan 28 07:23:22 +0000 2021, -96.761753, 32.819858, .@chamath  https://t.co/c9YnwEXZiQ 
MichelleLeight1, Thu Jan 28 07:23:22 +0000 2021, -70.438882, 43.474162, I entered the Rocket MortgageÂ® Super Bowl Squares Sweepstakes and you can too! Enter for your chance to win big durâ€¦ https://t.co/b1WkYdiv4k 
Mex7can, Thu Jan 28 07:23:23 +0000 2021, -118.411907, 34.020789, iconic https://t.co/dZi7YEw6Em 
MrNaassir, Thu Jan 28 07:23:23 +0000 2021, -73.831187, 40.670879, @sharifyounis2 ğŸ’•â™»ğŸ’•ï·½ğŸ’•â™»ğŸ’•ğŸ’•Ù±Ù„Ø³ÙÙ‘Ù„ÙØ§Ù…Ù Ø¹ÙÙ„ÙÙŠÙ’ÙƒÙÙ…Ù’ ÙˆØ±Ø­Ù…Ø© Ø§Ù„Ù„Ù‡ ÙˆØ¨Ø±ÙƒØ§ØªğŸ’•â™»ğŸ’•ÛŒØ§Ø°ÙˆØ§Ù„Ø¬Ù„Ø§Ù„ ÙˆØ§Ù„Ø§Ú©Ø±Ø§Ù… ÛŒØ§Ú©Ø±ÛŒÙ… ÛŒØ§Ø§Ù„Ø±Ø­Ù…Ù† ÛŒØ§Ø§Ù„Ø±Ø­ÛŒÙ…ğŸ’•â™»â€¦ https://t.co/Okhek8yPgj 
tizmycountry2, Thu Jan 28 07:23:23 +0000 2021, -122.435979, 37.770657, @staceyabrams @nwotyar Well if youâ€™re on it, it will be done! Do your thing Stacey! #StatehoodForWashingtonDC #StatehoodForPuertoRico 
NematPejman, Thu Jan 28 07:23:23 +0000 2021, -104.922093, 39.713563, @iJGftlSVSeGyAiX ÙŠØ³Ø¹Ø¯Ù„ÙŠ ØµØ¨Ø§Ø­Ùƒ ÙˆÙƒÙ„ Ø£ÙˆÙ‚Ø§ØªÙƒ 
brendenwillis10, Thu Jan 28 07:23:23 +0000 2021, -119.306608, 37.269176, Uh haha 
macguapo, Thu Jan 28 07:23:23 +0000 2021, -118.203378, 33.925262, Damn, just dropped my lettuce. https://t.co/cpsjT9qVpb 
kiararobinson11, Thu Jan 28 07:23:24 +0000 2021, -95.446486, 29.838495, shit used to be so simple ğŸ˜­ 
ErickDelValleee, Thu Jan 28 07:23:24 +0000 2021, -100.155246, 25.923025, @Ricardoen4 @LokutorYanArt 
M3XRFW, Thu Jan 28 07:23:24 +0000 2021, -118.359860, 33.758771, I was just reading through Wall Street bets and thereâ€™s like an entire wave of boomers getting into GameStop just tâ€¦ https://t.co/ocITRlB5rB 
luhholt, Thu Jan 28 07:23:24 +0000 2021, -89.876449, 32.571032, This my exact face enjoying tf out these blessings 
mrdiaz72, Thu Jan 28 07:23:24 +0000 2021, -117.480990, 33.994912, @CBSNews Iâ€™m still waiting for the $600 we were recently promised 
keaijahawkins, Thu Jan 28 07:23:25 +0000 2021, -84.433106, 33.767195, ğŸ’€ 
DoraVal85617194, Thu Jan 28 07:23:25 +0000 2021, -100.076888, 31.168893, Love me some @NeNeLeakes 
BrandonByrum4, Thu Jan 28 07:23:25 +0000 2021, -79.420865, 38.003376, She is a fuckn nutcase fury for life ğŸ’¯ take her phone away now fury for life ğŸ’¯ 
JulianHiggins, Thu Jan 28 07:23:25 +0000 2021, -118.411907, 34.020789, @SeanHackman https://t.co/Vh4ybfiR5v 
BillyRa24513369, Thu Jan 28 07:23:25 +0000 2021, -94.861576, 32.389559, The one with the cross eyes 
ThePolypreneur, Thu Jan 28 07:23:26 +0000 2021, -111.997441, 40.678703, @JuniorToleafoa Aye stfu go sleep you faka LoL 
m_floress2, Thu Jan 28 07:23:26 +0000 2021, -117.603783, 34.045158, Starting any sentence with â€œbefore covidâ€ is beginning to sound depressing now lol 
1uptop_Ahk, Thu Jan 28 07:23:26 +0000 2021, -78.853563, 42.896230, Hungry 
wendydshaffer, Thu Jan 28 07:23:26 +0000 2021, -96.053431, 41.275721, Thee United States lags behind other parts of the world when it comes to masks. Several Asian countries, includingâ€¦ https://t.co/sbm76vTQ4U 
TheRealTJP_, Thu Jan 28 07:23:26 +0000 2021, -115.223125, 36.232915, @GingerFish19 https://t.co/rJnPtcGxOw 
MosdellRichard, Thu Jan 28 07:23:27 +0000 2021, -123.370838, 48.496225, @coops @mikeindustries @mrdonut ğŸ‘™ is my guess all guys have watched it 10x... 
SidInTheCut, Thu Jan 28 07:23:27 +0000 2021, -86.244729, 32.364145, youâ€™re past due, remember you was dissin in the classroom 
lolsoroni, Thu Jan 28 07:23:27 +0000 2021, -83.173867, 32.678207, Canâ€™t sleep but I hope everyone is fighting their battles and winning, cuz at the end of the day you matter and people love you â™‹ï¸ 
WolfHudsonIsBi, Thu Jan 28 07:23:27 +0000 2021, -118.411907, 34.020789, @Stefani_Special https://t.co/9Yg1FB5Rk0 
DWaggerby, Thu Jan 28 07:23:28 +0000 2021, -120.583402, 44.145437, So we need to bore tunnels get utilities piped in and get our infrastructure safe! @boringcompany 
DonThaPhantom, Thu Jan 28 07:23:28 +0000 2021, -118.156711, 33.809172, Somebody already came out with one lol https://t.co/edwcYZzjHW 
ItzDirtMcgirt, Thu Jan 28 07:23:28 +0000 2021, -116.278162, 33.668046, Itâ€™s ferocious when broke mfs get focused 
PrezJoshua, Thu Jan 28 07:23:28 +0000 2021, -77.014398, 38.898603, Keri please.... 
labgirllaura, Thu Jan 28 07:23:28 +0000 2021, -122.630908, 45.536402, NOW you decide? 
tayyyr_, Thu Jan 28 07:23:28 +0000 2021, -84.151150, 33.442425, why am i up at almost 3am ordering girl scout cookies ğŸ¤£ğŸ¤£ğŸ¤£ğŸ¤£ 
marianomike, Thu Jan 28 07:23:29 +0000 2021, -121.979527, 37.523645, @studioanisa Having worked on both large and small teams, smaller teams definitely iterate faster and a UI/UX persoâ€¦ https://t.co/R0Uq2yXjdu 
JCGM_02, Thu Jan 28 07:23:29 +0000 2021, -100.244559, 26.123250, @FcMutuals sigan a @CruzAzulCD 
anakaren5611, Thu Jan 28 07:23:29 +0000 2021, -118.393044, 45.933714, finding out what he likes gross me out ğŸ˜‚ğŸ¤¢ 
Ian_buster, Thu Jan 28 07:23:29 +0000 2021, -117.562152, 34.121670, I want Girl Scout cookies asap 
Iownher, Thu Jan 28 07:23:30 +0000 2021, -118.222017, 33.884968, When COVID is over starting to sound a lot like when hell freezes over ğŸ¥¶ 
Mourningpizza_, Thu Jan 28 07:23:30 +0000 2021, -111.917026, 40.765805, There are very few things that fill me with the kind of rage I get when brands reply to my, or my friends posts/comments 
LiqueTweetss, Thu Jan 28 07:23:30 +0000 2021, -89.922029, 35.133521, you miss me? text me i probably miss you too ğŸ˜’ 
ashleyraylene23, Thu Jan 28 07:23:30 +0000 2021, -118.411907, 34.020789, At this point, I should just drop out. Lmaoooo jk yâ€™all... maybe. 
lakshitha268, Thu Jan 28 07:23:30 +0000 2021, -83.099288, 42.352787, @sasini0211 @nipuna__d @unknown_lankan @PraveenNadeera @jimpapz à¶…à¶¯ à¶¸à·œà¶šà¶šà·Šà¶¯ à·€à·™à¶±à·Šà¶±à·š à¶…à¶šà·Šà¶šà·š ğŸ¤” 
Da_BeastBaker, Thu Jan 28 07:23:30 +0000 2021, -111.547029, 39.499762, The butterflies are back 
MarkAnthony0215, Thu Jan 28 07:23:31 +0000 2021, -82.019612, 41.382464, Nope! I stopped a long time ago and have been eating on my own for years 
strawberrydeviI, Thu Jan 28 07:23:31 +0000 2021, -112.124676, 33.552863, cyrus put our pizza in the toaster oven for 30 minutes on the â€œgrillâ€ setting &amp; itâ€™s black &amp; Iâ€™m still eating it ..â€¦ https://t.co/XNlfsp3oPP 
test5geo1798, Thu Jan 28 07:23:31 +0000 2021, -122.398720, 37.781157, TEST_LAT/LON: 70bf9965-d09f-44b6-b1e0-dad8eb6d1ffe 
WillyM__, Thu Jan 28 07:23:31 +0000 2021, -118.411907, 34.020789, @Josue_Cruise Tried* 
marishigh, Thu Jan 28 07:23:31 +0000 2021, -122.232934, 37.497293, had to make sure before sharing my alfredo w milo https://t.co/HFzylAmHPF 
TheLifeOfNisha, Thu Jan 28 07:23:31 +0000 2021, -119.782465, 36.786042, You donâ€™t want to be completely free from something if youâ€™re still willing to leave bits and pieces of it in yourâ€¦ https://t.co/wiTZtlNGhM 
HaveHopeAlways1, Thu Jan 28 07:23:31 +0000 2021, -87.683700, 41.896000, ğ˜–ğ˜¶ğ˜³ ğ˜¤ğ˜°ğ˜°ğ˜¬ğ˜ªğ˜¯ğ˜¨ ğ˜ªğ˜´ ğ˜§ğ˜¢ğ˜£ğ˜¶ğ˜­ğ˜°ğ˜¶ğ˜´ ğ˜¦ğ˜·ğ˜¦ğ˜¯ ğ˜µğ˜©ğ˜¦ ğ˜´ğ˜®ğ˜°ğ˜¬ğ˜¦ ğ˜¢ğ˜­ğ˜¢ğ˜³ğ˜® ğ˜ªğ˜´ ğ˜¤ğ˜©ğ˜¦ğ˜¦ğ˜³ğ˜ªğ˜¯ğ˜¨ ğ˜°ğ˜¯ ğ˜¶ğ˜´ ğ˜°ğ˜¯. @ Ukrainian Village, Chicago https://t.co/f1MwOMMAdn 
Swits123, Thu Jan 28 07:23:31 +0000 2021, -96.172430, 42.783456, https://t.co/lAxp2VBuB6 
Dickslanging20, Thu Jan 28 07:23:32 +0000 2021, -97.754724, 30.323346, Ima handsome Nigga wit Hood tendencies ğŸ‘¿ 
ninaross57, Thu Jan 28 07:23:32 +0000 2021, -115.061127, 36.184754, https://t.co/GBK06WbSLI 
HSHToria, Thu Jan 28 07:23:32 +0000 2021, -83.099288, 42.352787, I need more international people on my tl so I have someone to play with late at night. I have Shara but I need more! 
NoahAlexander56, Thu Jan 28 07:23:32 +0000 2021, -117.915261, 34.138088, @wendythepoooh @rxangel03 @wendythepoooh Yea your ğŸ’¯ percent right but its rough out here ğŸ˜… 
Danbravo26, Thu Jan 28 07:23:33 +0000 2021, -118.203378, 33.925262, Horchata ğŸ˜‹ 
rjtees1, Thu Jan 28 07:23:33 +0000 2021, -75.028639, 39.789530, @PamelaGeller ğŸ¦…Save AmericağŸ¦…ğŸ¦…President TrumpğŸ¦…I'm happy to takeyou in ğŸ¦ğŸ¤¥ğŸ’©ğŸª°Get over hereğŸ‰ğŸª±with the otherğŸ€ğŸª³ğŸ’¢ ğŸ‘ºğŸ—ğŸ²â€¦ https://t.co/tBjkP1MhiW 
hayes_morey, Thu Jan 28 07:23:33 +0000 2021, -86.680738, 32.576227, @isabella_wet hey baby https://t.co/RZ8OP1LcSo 
dahowlingwookie, Thu Jan 28 07:23:34 +0000 2021, -118.156711, 33.809172, Follow YO_VIC_ Twitch! This guys is literally my brother and trying to affiliate... hep him out and tell em wookieâ€¦ https://t.co/twA8H5v6Zr 
BestLiFanNa, Thu Jan 28 07:23:34 +0000 2021, -122.144030, 37.414371, #DeadbyDaylight æˆ‘å“ªåƒä¸ªin patientçš„ç—…äºº æ™šä¸Šä¸ç¡è§‰æ‰“æ¸¸æˆğŸ™ˆğŸ™ˆğŸ™ˆğŸ™ˆğŸ™ˆğŸ™ˆğŸ™ˆ https://t.co/1uiOsj1EdZ 
kthreatt09, Thu Jan 28 07:23:34 +0000 2021, -80.699969, 34.212477, Twitter fingers itâ€™s about to get deadly, catch you in the streets social media canâ€™t help you @IamMRMOSELY 
madisonbunnii, Thu Jan 28 07:23:34 +0000 2021, -120.987468, 37.663817, Me vs Old high school classmates running into each other at the store ğŸ˜‚ https://t.co/enXYcEfmiv 
ib_shaw, Thu Jan 28 07:23:35 +0000 2021, -74.184848, 40.734494, Oh so this the freak 
yooboyjuice_, Thu Jan 28 07:23:35 +0000 2021, -97.135638, 32.701850, ğŸ’€ğŸ’€ğŸ¤£ğŸ¤£ğŸ¤£ 
charlyiga, Thu Jan 28 07:23:35 +0000 2021, -100.293591, 25.641718, @Reforma @rocionahle Ay no mamen, pinche vieja no cree mÃ¡s que en el periÃ³dico para hacer lumbre y en el carbÃ³n para cocinar 
twoinchtape, Thu Jan 28 07:23:35 +0000 2021, -97.754724, 30.323346, Facts 
al_also, Thu Jan 28 07:23:35 +0000 2021, -101.166961, 25.032632, Ups, estoy de viaje en la montaÃ±a rusa! ğŸ™„ 
DeborahShells, Thu Jan 28 07:23:35 +0000 2021, -122.330602, 47.614817, @Tessara15 @DanRather Stable genius. 
yo_yesiii, Thu Jan 28 07:23:36 +0000 2021, -121.300425, 37.980826, Anyways if yâ€™all know something speak up 
AtlantaFilmLife, Thu Jan 28 07:23:36 +0000 2021, -84.433106, 33.767195, Unleash All The Cats! Silverback Is Ready. #catsjudgingmarjorie https://t.co/3rZiLn33SM 
mistyb415, Thu Jan 28 07:23:37 +0000 2021, -122.467599, 37.710032, I'm at Brotherhood Way Open Space in San Francisco, CA https://t.co/2ihkrQ97Us 
ConnerBoof, Thu Jan 28 07:23:38 +0000 2021, -89.922029, 35.133521, Can u imagine showing an ancient Mesopotamian Higher by Creed 
BKLYN1980, Thu Jan 28 07:23:39 +0000 2021, -73.948775, 40.655138, @nypost Tekashi SNITCH9INE 2.0 ğŸ˜…ğŸ˜…ğŸ˜‚ğŸ˜‚ğŸ¤£ğŸ¤£ 
turnterz, Thu Jan 28 07:23:39 +0000 2021, -78.895441, 35.990983, if all of the kings had their queens on the throne... https://t.co/Tu5AY7h7iQ 
JinaDensing, Thu Jan 28 07:23:39 +0000 2021, -123.130836, 49.174242, @rckyyy_astro Oo nga e im like uh 
ASBSmartBiz, Thu Jan 28 07:23:39 +0000 2021, -115.234435, 36.018805, @RobertPLewis At first glance... yes... "Then the Gallows were quiet... the streets were cleansed of evil so sinistâ€¦ https://t.co/uNkSz5dRFk 
Sandiemcr, Thu Jan 28 07:23:39 +0000 2021, -80.240128, 43.534199, @CamGuthrie @uofg Iâ€™m sorry but I donâ€™t trust them. I donâ€™t trust the ones with covid who were partying... to stayâ€¦ https://t.co/EDPg7nt2aH 
OdeLopez, Thu Jan 28 07:23:39 +0000 2021, -122.435979, 37.770657, No puedo creer el caso de la venezolana violada en Argentina, en una entrevista de trabajo Vi el vÃ­deo y fue demasiado desgarrador 
FeatherC1, Thu Jan 28 07:23:39 +0000 2021, -94.180888, 46.368438, @Krave_Rock @SUFC_Matty @POTUS Yes, for the past 4 years people have said that I am their president. 
NashierSheetal, Thu Jan 28 07:23:40 +0000 2021, -123.754776, 48.621596, A good leader would never leave it's people in fear #modifails 
DonDivo2, Thu Jan 28 07:23:40 +0000 2021, -83.173867, 32.678207, Keep your space clean (ppl around you ) so you can think and move clearly 
Blaquaman_242, Thu Jan 28 07:23:40 +0000 2021, -99.772738, 25.167144, Bey een even no slappin up at this point 
ChelseaWilhelm8, Thu Jan 28 07:23:40 +0000 2021, -157.799589, 21.319944, ğŸğŸ‰ğŸ’ğŸ…ğŸ“ğŸŒ¹ğŸŒºğŸŠğŸ‘ğŸ¦ŠğŸ¦ğŸ”¥â˜€ï¸ğŸŒŸğŸŒ•ğŸŒğŸŒ¼ğŸŒ»ğŸ¥ğŸ¤ğŸ¥¬ğŸ¥¦ğŸğŸ¦šğŸŒµğŸŒ¿ğŸŒ±ğŸ¥ğŸ¥‘ğŸ¢ğŸ¦–ğŸŒ´ğŸŒ³ğŸ¦‹ğŸ³ğŸ¬ğŸŸâ„ï¸ğŸ’§ğŸ’¦ğŸ’™ğŸ’œğŸ†ğŸ‡ https://t.co/HaWO48GVN0 
chlomaha, Thu Jan 28 07:23:40 +0000 2021, -96.053431, 41.275721, itâ€™s honestly disrespectful that everyone has a large, fun friend group in one city when my friends all decided toâ€¦ https://t.co/fmb8pL4HeO 
ElDonMiguelon, Thu Jan 28 07:23:40 +0000 2021, -118.186267, 33.962994, It's a coat tail, but I'm riding $gme 
maziee_s, Thu Jan 28 07:23:40 +0000 2021, -95.446486, 29.838495, Especially if you are aware of your partners mental state. Having anxiety, depression even ocd can ruin a relationsâ€¦ https://t.co/1M7hCMubNF 
molakalaravi, Thu Jan 28 07:23:40 +0000 2021, -72.568606, 41.840912, @csrengarajan @pragu3704 @Swamy39 What kind of voice? Like a brainwashed like you? Or a paid artist like you? 
JuiceAndTitties, Thu Jan 28 07:23:41 +0000 2021, -118.411907, 34.020789, Eren Yeager ainâ€™t do shit wrong 
notyobitchk, Thu Jan 28 07:23:41 +0000 2021, -103.137150, 32.769770, @yajairae461 Fanks ğŸ¥°ğŸ¥°â¤ï¸ 
DevonSheetcake, Thu Jan 28 07:23:41 +0000 2021, -88.025543, 43.067538, @someguynamedg @thegoodgodabove Stay with it you will be so glad you did. 
MrNaassir, Thu Jan 28 07:23:41 +0000 2021, -73.831187, 40.670879, @anes60982088 ğŸ’•â™»ğŸ’•ï·½ğŸ’•â™»ğŸ’•ğŸ’•Ù±Ù„Ø³ÙÙ‘Ù„ÙØ§Ù…Ù Ø¹ÙÙ„ÙÙŠÙ’ÙƒÙÙ…Ù’ ÙˆØ±Ø­Ù…Ø© Ø§Ù„Ù„Ù‡ ÙˆØ¨Ø±ÙƒØ§ØªğŸ’•â™»ğŸ’•ÛŒØ§Ø°ÙˆØ§Ù„Ø¬Ù„Ø§Ù„ ÙˆØ§Ù„Ø§Ú©Ø±Ø§Ù… ÛŒØ§Ú©Ø±ÛŒÙ… ÛŒØ§Ø§Ù„Ø±Ø­Ù…Ù† ÛŒØ§Ø§Ù„Ø±Ø­ÛŒÙ…ğŸ’•â™»â€¦ https://t.co/gHyhQ1ROBF 
I_am_Syn_City, Thu Jan 28 07:23:42 +0000 2021, -84.475291, 33.657586, Yes it's exactly what they doing lol 
JEllisP, Thu Jan 28 07:23:42 +0000 2021, -119.306608, 37.269176, @Gregoriancant She's scaring the horses in Heaven. 
abbsrhon13, Thu Jan 28 07:23:43 +0000 2021, -82.985772, 39.994684, I love that when Luna wants attention and Iâ€™m on my phone she just shoves my phone out of her way ğŸ˜‚ 
mwolfers, Thu Jan 28 07:23:43 +0000 2021, -78.747369, 42.767702, @BitchMeansWell I have parsley, thyme, rosemary, chives and basil plants in the basement. 
DancesWithRain, Thu Jan 28 07:23:43 +0000 2021, -122.330602, 47.614817, @bibis_bbygrl LMArseO!~!! She is copying other Yuck Tubers, she cannot even create her own videos. https://t.co/iISMdRo6Cy 
mitchiety, Thu Jan 28 07:23:43 +0000 2021, -122.306264, 38.297072, @PratdesabaJ @Adrianjo007 @Quiko121 hahaha. Creo que eso pensaste tÃº cuando te dije â€œdame 10 minsâ€ y me tarde mÃ¡s para arreglarme ğŸ˜‚ğŸ¥º 
cruzerocket, Thu Jan 28 07:23:43 +0000 2021, -73.948775, 40.655138, @MrClnMgcRch @ArmandoMPerez @FranklinVelazq2 @RBReich True independence is sovereignty, nothing less. 
oguzhancemberci, Thu Jan 28 07:23:43 +0000 2021, -73.831187, 40.670879, @ATAKIIZI GerÃ§ekten bir tanrÄ± varsa onu ve gerÃ§ekten bir cehennem varsa orada yanmasÄ±nÄ± dilerim. 
DurosoThomas, Thu Jan 28 07:23:43 +0000 2021, -90.247824, 38.653771, https://t.co/5qrplDVz8Yâ„¹ï¸â“‚ï¸WIT DA DEMONS&amp; GOBLINSâ„¹ï¸ğŸ…°ï¸â“‚ï¸â€¼ï¸GIVEâ“‚ï¸ğŸ“§ DA MONEYEYE NEED EM2ï¸âƒ£STALLITBOWâ€¼ï¸HUH?LEAVINâ€¦ https://t.co/LQihM4Izzi 
antunitos, Thu Jan 28 07:23:44 +0000 2021, -103.657843, 25.471381, @EzeTowers ğŸ¥¸ 
jq2___, Thu Jan 28 07:23:45 +0000 2021, -97.011168, 32.655678, Nigga had on a mirror leather jacket performing , that niggerish ash 
ariannaaskyee, Thu Jan 28 07:23:45 +0000 2021, -84.636738, 39.754489, i wanna build a house on land.... 20 acres..... and a mansion to house all stray animals.... mainly dogs, raccoons &amp; opossums â¤ï¸â¤ï¸ğŸ¥ºğŸ¥ºğŸ¥º 
pony_boy253, Thu Jan 28 07:23:45 +0000 2021, -122.347285, 47.465059, @YahhGirlJazz @30SecFight Itâ€™s racist because the lighter guy was calling the darker guy the N word 
LesP63333817, Thu Jan 28 07:23:45 +0000 2021, -115.234435, 36.018805, Be best at what?? 
JosephPMathews, Thu Jan 28 07:23:45 +0000 2021, -122.330602, 47.614817, @Becky_Zartman @mad_davenport @RevGrey Having read all the replies I think this is the best place for mine â€” I am [â€¦ https://t.co/ySt8tD9k9O 
__ETericaJanae, Thu Jan 28 07:23:46 +0000 2021, -83.890192, 32.548263, i may have my ways but Iâ€™m genuine af especially when it comes to the ones i care about. everything i do comes from the heart . 
__Ycnaf, Thu Jan 28 07:23:46 +0000 2021, -80.307064, 25.976124, Lmfao this the part for me ğŸ¤£ğŸ¤£ğŸ¤£ 
andre_boogie, Thu Jan 28 07:23:47 +0000 2021, -97.285913, 32.779967, Gods just take me tonight 
ZeusAndreux, Thu Jan 28 07:23:47 +0000 2021, -84.433106, 33.767195, @madonna_MONROE Get HUE lightbulbs system and replace all the bulbs in your home. Kinda expensive but worth it IMO 
RexelUSACareers, Thu Jan 28 07:23:47 +0000 2021, -71.219058, 42.033456, Can you recommend anyone for this job in Mansfield, MA? https://t.co/65EPjy8oP2 #energy #innovation 
AdamBornstein, Thu Jan 28 07:23:47 +0000 2021, -77.236969, 38.805115, Will tight liquidity in China feed into higher #btc prices or #AMC prices? 
gomezreyna777, Thu Jan 28 07:23:47 +0000 2021, -95.446486, 29.838495, @lo#workhard @uhdowntown https://t.co/zLisqScVdW 
IvanSloth, Thu Jan 28 07:23:47 +0000 2021, -123.123581, 49.257639, @SimranRoohi dudes going 130 in a 70 and recording a snap chat storyğŸ¤£ğŸ¤£ 
yukaioroi, Thu Jan 28 07:23:47 +0000 2021, -122.435979, 37.770657, @yumikosakuma ğŸ˜­ğŸ˜­ğŸ‘ğŸ‘ğŸ‘ 
patricefornow, Thu Jan 28 07:23:47 +0000 2021, -86.791549, 36.200008, Probably the worst thing Michelle did 
gomezreyna777, Thu Jan 28 07:23:47 +0000 2021, -95.446486, 29.838495, @gomezreyna777 @UHDGS 
Carnitas__, Thu Jan 28 07:23:47 +0000 2021, -122.280014, 47.469552, ğŸ–¤ 
mandaarias21, Thu Jan 28 07:23:47 +0000 2021, -106.603405, 32.027344, @Cris_2521 Ok Jez 
OhskaOhska, Thu Jan 28 07:23:48 +0000 2021, -91.401008, 30.937336, Now I'm stuck lookin' at hell rain through my window 
nataliebordeau1, Thu Jan 28 07:23:48 +0000 2021, -73.723025, 45.557830, Biden a parle de climate change etf 
KathyWoodhood, Thu Jan 28 07:23:48 +0000 2021, -92.923809, 44.905420, @reallifemommy3 @FatherWithTwins You've not smelled my dog. https://t.co/kJ1jQRvz0A 
JinaDensing, Thu Jan 28 07:23:48 +0000 2021, -123.130836, 49.174242, @shinypmh Hahaha 
vargas_piero, Thu Jan 28 07:23:48 +0000 2021, -111.051862, 32.133727, Why people hating cuz we chasing this bag STONKS ğŸš€ 
lovemesomemusk, Thu Jan 28 07:23:48 +0000 2021, -118.351218, 33.833714, @SAirfarce @elonmusk @WholeMarsBlog THANK YOU!! 
OCLDiaz, Thu Jan 28 07:23:49 +0000 2021, -88.291366, 42.183365, This tweet was a day before Donald Trump got sworn in to office, I hated the man yet I was hopeful he would do goodâ€¦ https://t.co/w7D9UnWDD5 
thequeeniskay, Thu Jan 28 07:23:49 +0000 2021, -86.791549, 36.200008, I have so start finding was to give my self attention 
DaysieNicole22, Thu Jan 28 07:23:50 +0000 2021, -75.386460, 39.145024, This mf breath stinkkkk 
mistyb415, Thu Jan 28 07:23:50 +0000 2021, -122.468769, 37.706462, I'm at Border of San Francisco/Daly City in Daly City, CA https://t.co/LcPuR9GkF9 
NematPejman, Thu Jan 28 07:23:50 +0000 2021, -104.922093, 39.713563, @D_A___1 ØµØ¨Ø§Ø­ Ø§Ù„Ø£Ø®ÙŠØ§Ø± ğŸ•ŠğŸŒ¹ğŸ•Š 
ninaross57, Thu Jan 28 07:23:50 +0000 2021, -115.061127, 36.184754, https://t.co/41amChiR6H 
thankfullymeks, Thu Jan 28 07:23:50 +0000 2021, -117.022695, 38.502147, @MattIJaramillo Itâ€™s getting insane! The democrats are gaslighting the hell out of the gop and no one is standing uâ€¦ https://t.co/WgmMAUl9th 
silvia_cortez_, Thu Jan 28 07:23:51 +0000 2021, -117.104989, 32.810012, iâ€™m so ğŸ¥º https://t.co/lyQP4mjQFW 
brookdaleavenue, Thu Jan 28 07:23:51 +0000 2021, -122.228685, 37.791994, wait a minute how old do yâ€™all think I am? ğŸ˜‚ğŸ‘€ 
iiieshaa1, Thu Jan 28 07:23:52 +0000 2021, -75.117998, 40.004866, Just embarrassing ğŸ˜‚ 
4pFStallionJt, Thu Jan 28 07:23:53 +0000 2021, -84.503066, 34.110776, WAIT CAUSE NIE IM DOWN FOR THE CHALLENGE ğŸ˜­ğŸ˜­ğŸ˜­ 
kissland_69, Thu Jan 28 07:23:53 +0000 2021, -117.982366, 34.002381, Iâ€™m literally going thru it rn and ur 2 selfish and insensitive to see that u rather say I just donâ€™t like u and doâ€¦ https://t.co/Mr8qVsxFSP 
stupiddeepdani, Thu Jan 28 07:23:54 +0000 2021, -97.630104, 26.122545, Thinking about how the girl at the vape shop suggested the juice with the strongest nic level because it gave the bâ€¦ https://t.co/EDz4eGFTfA 
THEYCALLMEBJ, Thu Jan 28 07:23:54 +0000 2021, -85.978600, 35.830522, Phone bout to die and ion feel like reaching for the charger 
maeedagoat, Thu Jan 28 07:23:55 +0000 2021, -86.793917, 33.542237, them soul ass edibles you sellin look like fried green tomatoes ğŸ˜‚ 
Doctor_Dusk, Thu Jan 28 07:23:55 +0000 2021, -122.230222, 38.114777, Also in my defense: Iâ€™d like to think/hope that my ultimately good-hearted nature has proven/proves/will prove timeâ€¦ https://t.co/E68IIEd6BO 
4eyedtimmy, Thu Jan 28 07:23:55 +0000 2021, -117.220413, 33.809139, The best feeling is when you wake up thinking you broke but wake up with more than a rack in your account 
BlackHalo12, Thu Jan 28 07:23:55 +0000 2021, -116.237907, 33.744633, Played like shit today ğŸ˜ª https://t.co/gxaKtFwzdd 
widner_grace, Thu Jan 28 07:23:56 +0000 2021, -97.754724, 30.323346, https://t.co/LfdCw81rR1 
Lovely40sheedah, Thu Jan 28 07:23:57 +0000 2021, -79.950727, 35.880645, â£ï¸â£ï¸â£ï¸ My Khloe https://t.co/kHZsGZ8VTi 
214_0515, Thu Jan 28 07:23:57 +0000 2021, -96.761753, 32.819858, Nightski 
Aly_Dar8, Thu Jan 28 07:23:57 +0000 2021, -77.014398, 38.898603, #MarjorieTaylorGreeneIsUnfit 
uvitaortiz, Thu Jan 28 07:23:58 +0000 2021, -119.306608, 37.269176, ......Para quÃ¨ putas te tuvÃ­ ?? -La madre del marranÃ­ !  #AsiTeQueri #asiloqueri #delutonacionalAbrutonacional 
lowboatso, Thu Jan 28 07:23:58 +0000 2021, -97.754724, 30.323346, @ayee_steph_ ğŸ˜‚ğŸ˜‚ğŸ˜‚ğŸ˜‚ğŸ‘ğŸ»ğŸ‘ğŸ»ğŸ‘ğŸ» 
mapc, Thu Jan 28 07:23:58 +0000 2021, -111.737566, 33.405755, https://t.co/pIGUgpr6S4 
rez_devil, Thu Jan 28 07:23:58 +0000 2021, -87.859268, 41.761361, @zoeyazhi Me when I get my Navajo Nation Hardship check https://t.co/OR1UKQJVuu 
Johanromero123, Thu Jan 28 07:23:59 +0000 2021, -74.017879, 40.620954, So far 
MeganMcGrorty, Thu Jan 28 07:23:59 +0000 2021, -80.246400, 26.203600, Just posted a photo @ Tamarac, Florida https://t.co/ZQVZ8ok0g2 
welstf, Thu Jan 28 07:23:59 +0000 2021, -70.925859, 41.912274, @LaChinaRobinson Good for you CP. I admire the courage to make this decision. It couldnâ€™t have been an easy one for her 
deliaroma8, Thu Jan 28 07:23:59 +0000 2021, -97.978221, 30.355857, You may want to subscribe to Harvard Business Review.  So that you know whatâ€™s going on in Business and Management!!! 
Johnnyira, Thu Jan 28 07:23:59 +0000 2021, -121.349643, 38.686794, @PedigoSara Sara has passed away 
tomas_yanez7, Thu Jan 28 07:23:59 +0000 2021, -115.223125, 36.232915, Guys I tripled my money on craps tonight ğŸ¤‘ğŸ¤‘ğŸ¤‘ğŸ¤‘ 
valeriiaod, Thu Jan 28 07:24:00 +0000 2021, -112.124676, 33.552863, Teamo mucho gordo 
thetranswolf, Thu Jan 28 07:24:00 +0000 2021, -122.436779, 37.621299, @TheXXXTeddyBear @Dev_Tylerxxx Woooof times 2. ğŸ¥µğŸ¤¤ 
THEARIELLYNN, Thu Jan 28 07:24:01 +0000 2021, -92.061177, 30.206079, 4 daysğŸ¥³ğŸ¥³ 
AdrinaAlexisss, Thu Jan 28 07:24:01 +0000 2021, -119.636189, 36.830799, Mfs know wassup. If you wanna step then step. 
Sports_Goofs, Thu Jan 28 07:24:01 +0000 2021, -80.304663, 25.857732, SG 90 (1/20-1/26/21) - Super Bowl LV: Old Guard vs. New Guard #NFL; #NHL... https://t.co/Y7j1J96Lso via @YouTube 
ana_teniente, Thu Jan 28 07:24:02 +0000 2021, -100.293591, 25.641718, #TBT #LasVegas I miss you ğŸ˜¢ https://t.co/kZVeEWFjIK 
pdxpolicelog, Thu Jan 28 07:24:02 +0000 2021, -122.673975, 45.576973, UNWANTED PERSON at 700 N LOMBARD ST, PORT [Portland Police #PP21000025037] 23:15 #pdx911 
pdxpolicelog, Thu Jan 28 07:24:02 +0000 2021, -122.568685, 45.561046, SUSPICIOUS SUBJ, VEH, OR CIRCUMSTANCE at 9100 NE SUMNER ST, PORT [Portland Police #PP21000025014] 23:00 #pdx911 
lilbbykiki, Thu Jan 28 07:24:02 +0000 2021, -119.025163, 35.346902, Nothing hurts worse than watching a really good tv show that only has 1-3 seasons 
LordBlastington, Thu Jan 28 07:24:02 +0000 2021, -123.123581, 49.257639, https://t.co/w30bnl4cdM 
pdxfirelog, Thu Jan 28 07:24:03 +0000 2021, -122.789524, 45.604130, MED - MEDICAL at 11400 NW ST HELENS RD, PORT [Portland Fire #RP21000008324] 22:20 #pdx911 
pdxfirelog, Thu Jan 28 07:24:03 +0000 2021, -122.570939, 45.527899, MED - MEDICAL at 9000 NE IRVING ST, PORT [Portland Fire #RP21000008321] 22:12 #pdx911 
JCGM_02, Thu Jan 28 07:24:03 +0000 2021, -100.244559, 26.123250, @FUKADA0318 sigan a @CruzAzulCD 
DorianGreigh, Thu Jan 28 07:24:03 +0000 2021, -122.228685, 37.791994, @BastianSass ğŸ‘€ğŸ¥µ https://t.co/gj8FLQ7zK6 
ItzDirtMcgirt, Thu Jan 28 07:24:03 +0000 2021, -116.278162, 33.668046, Iâ€™m trying trying to hit the nest and manifest this 
mewtoos, Thu Jan 28 07:24:04 +0000 2021, -98.317683, 26.208802, Haha hey Twitter 
bryd1zzl3, Thu Jan 28 07:24:04 +0000 2021, -121.469664, 38.561722, im starvin https://t.co/JDfEuZy0XW 
TheRealJedi__xx, Thu Jan 28 07:24:04 +0000 2021, -88.025543, 43.067538, Yâ€™all sleep or what 
FrankQcwriter, Thu Jan 28 07:24:04 +0000 2021, -74.855333, 40.157637, @peta Science shows there are carnivores and omnivores. Canine teeth are indicative of a species evolved to be able to eat. 
MrNaassir, Thu Jan 28 07:24:04 +0000 2021, -73.831187, 40.670879, @gbar190 @anes60982088 ğŸ’•â™»ğŸ’•ï·½ğŸ’•â™»ğŸ’•ğŸ’•Ù±Ù„Ø³ÙÙ‘Ù„ÙØ§Ù…Ù Ø¹ÙÙ„ÙÙŠÙ’ÙƒÙÙ…Ù’ ÙˆØ±Ø­Ù…Ø© Ø§Ù„Ù„Ù‡ ÙˆØ¨Ø±ÙƒØ§ØªğŸ’•â™»ğŸ’•ÛŒØ§Ø°ÙˆØ§Ù„Ø¬Ù„Ø§Ù„ ÙˆØ§Ù„Ø§Ú©Ø±Ø§Ù… ÛŒØ§Ú©Ø±ÛŒÙ… ÛŒØ§Ø§Ù„Ø±Ø­Ù…Ù† ÛŒØ§â€¦ https://t.co/sl8G5jJBL3 
belleimps, Thu Jan 28 07:24:04 +0000 2021, -111.499150, 40.653281, #Fact https://t.co/rPiBoC94o5 
JamRock1021, Thu Jan 28 07:24:04 +0000 2021, -122.455344, 47.242960, @OrderofSantiago Stopped using a microwave * 
Apexfl3xx, Thu Jan 28 07:24:05 +0000 2021, -98.245675, 26.240690, @alyssaa822 Youâ€™re invited thatâ€™s final. https://t.co/LrgZJGBcXc 
Moisesxamaya, Thu Jan 28 07:24:05 +0000 2021, -96.291649, 30.585471, Just took an emergen-c because of TikTok 
austin_henton, Thu Jan 28 07:24:05 +0000 2021, -120.583402, 44.145437, @EstherRKentish Phil 4:8 , Jam. 5:16 
Shystemoney, Thu Jan 28 07:24:06 +0000 2021, -77.604684, 41.117936, Reall wish you the best ğŸ™ğŸ¼ Gotta do for myself ryte now 
marienxtdior, Thu Jan 28 07:24:06 +0000 2021, -78.657837, 35.843981, Snowy Raleigh tonite I guess 
DeracoGabriel, Thu Jan 28 07:24:06 +0000 2021, -122.347285, 47.465059, @elonmusk @Couch_Investor tweet AMC and i will buy a Tesla 
HappyFlow3, Thu Jan 28 07:24:06 +0000 2021, -157.799589, 21.319944, ç”³ã—è¾¼ã‚“ã è¦šãˆã®ãªã„ã‚¯ãƒ¬ã‚¸ãƒƒãƒˆã‚«ãƒ¼ãƒ‰ãŒå±Šã„ãŸã‚“ã ã‘ã©â€¦ã‚³ãƒ¬ã¯ãªã‚“ãªã‚“ã ã‚ã†ğŸ˜³â‰ï¸ https://t.co/2lh9qUhAxb 
WAisendgame, Thu Jan 28 07:24:06 +0000 2021, -80.144175, 26.633710, ğŸ˜­ğŸ˜­ğŸ˜­ 
djhlaw, Thu Jan 28 07:24:07 +0000 2021, -73.968542, 40.780709, @eigenrobot @jbarro Josh is the archetypical globohomo establishment man. 
klwtts, Thu Jan 28 07:24:07 +0000 2021, -122.435979, 37.770657, @elonmusk @avalonpenrose https://t.co/os1LtcblSK 
hayes_morey, Thu Jan 28 07:24:08 +0000 2021, -86.680738, 32.576227, @isabella_wet you want to try this one mine 
homesweetshire, Thu Jan 28 07:24:09 +0000 2021, -83.804475, 27.698682, So I'm sitting there, bbq sauce on my tiddies 
wee_frumpy, Thu Jan 28 07:24:09 +0000 2021, -73.972216, 40.772743, #tbt, lights in Central Park. #throwbackthursday #nyc #reflections #centralpark #citylights #pitchblack #newyorkâ€¦ https://t.co/hfMhAm3OZN 
RebelT210, Thu Jan 28 07:24:10 +0000 2021, -98.540651, 29.417501, @CrazyTee911 Tommy Tutone 
Big_Shug99, Thu Jan 28 07:24:10 +0000 2021, -94.208765, 39.012720, @Goic7 I got some doge I hope it's the move. 
lennyswiontek3, Thu Jan 28 07:24:10 +0000 2021, -74.048146, 40.863996, @rwalker866 Wooo Hooo Woooof ğŸ‘…ğŸ‘…ğŸ‘…ğŸ‘‘ğŸ’ªğŸ’ªğŸ’¯ğŸ’¯â¤ğŸ†ğŸ† 
BigBeckyJ, Thu Jan 28 07:24:10 +0000 2021, -73.199118, 41.185674, The fact that I had to explain my response pissed me off so with that being said I officially remember why I neverâ€¦ https://t.co/fW5QFMXVUU 
_MrRight_Now_, Thu Jan 28 07:24:11 +0000 2021, -84.352444, 33.943457, Fuck it... https://t.co/edJsEBDzm7 
sammers_81, Thu Jan 28 07:24:11 +0000 2021, -86.435508, 36.965671, OMG LETâ€™S GET MARRIED IS ONE OF MY FAVSğŸ˜­ 
estarLA, Thu Jan 28 07:24:11 +0000 2021, -118.411907, 34.020789, @AtsukoComedy @ryanharpergray *whispers*he did it on purpose 
insidehismind, Thu Jan 28 07:24:11 +0000 2021, -97.285913, 32.779967, why my sign gotta be in caps 
CacyThompson, Thu Jan 28 07:24:11 +0000 2021, -102.104627, 31.994300, Goodnight my pretty people ğŸ’— 
Mendezrickyy, Thu Jan 28 07:24:11 +0000 2021, -121.873730, 37.331159, Good day on my mind ğŸ¦‹ https://t.co/2sDGUdMiRI 
DJ__Paint, Thu Jan 28 07:24:12 +0000 2021, -91.730936, 35.238323, @SnowyNebula3 Now, where do I watch in in terms of season 4? Can I watch it without having seen Season 4? 
jesswithcamera, Thu Jan 28 07:24:12 +0000 2021, -96.761753, 32.819858, Same. 
thequeeniskay, Thu Jan 28 07:24:12 +0000 2021, -86.791549, 36.200008, Who else wonna make new friends? 
daezy_umunna, Thu Jan 28 07:24:12 +0000 2021, -95.446486, 29.838495, I thought they would be saying nonsense but theyâ€™re giving great advice. https://t.co/eh360zOeCl 
berkey_vicky, Thu Jan 28 07:24:12 +0000 2021, -86.441236, 39.766555, @AnimalsWorId @LosAngeles1850 Iâ€™m in love with him..#animals #animallover https://t.co/Gx0jBc8hLT 
